EmployeeID,Gender,Age,Department,JobLevel,HireDate,TerminationDate,Attrition,TenureYears,PerformanceRating,EngagementScore,Salary,Education,ManagerID,Location,JobLevelDesc,PerformanceRatingDesc,,,,,
1013,Female,36,Sales,4,5/05/2010,2/02/2011,Yes,0.7,3,88.30%,120012,Bachelors,1102,Sydney,Manager,Meets Expectations,,,,,
1166,Female,35,Sales,3,3/06/2011,23/06/2011,Yes,0.1,3,67.00%,105964,Bachelors,1102,Sydney,Senior,Meets Expectations,,,,,
1189,Female,43,Finance,1,26/11/2010,15/04/2012,Yes,1.4,2,48.90%,91295,Bachelors,1261,Sydney,Entry Level/Junior,Developing,,,,,
1086,Male,18,IT,1,1/11/2011,7/06/2012,Yes,0.6,4,91.40%,108027,Masters,1200,Adelaide,Entry Level/Junior,Exceeds Expectations,,,,,
1219,Female,40,Sales,1,20/05/2011,13/09/2012,Yes,1.3,3,81.80%,83302,Masters,1072,Adelaide,Entry Level/Junior,Meets Expectations,,,,,
1439,Female,33,IT,2,21/07/2010,4/11/2012,Yes,2.3,3,85.30%,119847,High School,1003,Sydney,Mid-level,Meets Expectations,,,,,
1111,Male,28,HR,1,7/09/2011,11/12/2013,Yes,2.3,3,65.00%,87322,High School,1115,Melbourne,Entry Level/Junior,Meets Expectations,,,,,
1164,Female,32,Operations,1,12/04/2013,6/03/2014,Yes,0.9,2,58.00%,88607,PhD,1066,Perth,Entry Level/Junior,Developing,,,,,
1071,Female,36,Marketing,2,29/09/2013,29/03/2014,Yes,0.5,3,78.10%,101561,High School,1150,Adelaide,Mid-level,Meets Expectations,,,,,
1435,Male,32,Operations,2,4/11/2012,17/06/2014,Yes,1.6,3,95.30%,107391,Masters,1202,Adelaide,Mid-level,Meets Expectations,,,,,
1101,Male,31,Sales,1,18/03/2010,6/08/2014,Yes,4.4,3,56.20%,83516,High School,1276,Perth,Entry Level/Junior,Meets Expectations,,,,,
1187,Female,39,Operations,2,30/12/2012,14/02/2015,Yes,2.1,3,60.70%,112456,Bachelors,1172,Perth,Mid-level,Meets Expectations,,,,,
1306,Female,46,HR,1,29/01/2013,4/10/2015,Yes,2.7,3,60.60%,86101,Masters,1106,Melbourne,Entry Level/Junior,Meets Expectations,,,,,
1148,Male,27,IT,2,23/03/2014,5/10/2015,Yes,1.5,3,74.20%,114291,Masters,1073,Melbourne,Mid-level,Meets Expectations,,,,,
1185,Male,37,Operations,1,31/07/2011,30/01/2016,Yes,4.5,4,81.50%,94094,Masters,1303,Brisbane,Entry Level/Junior,Exceeds Expectations,,,,,
1015,Male,24,Marketing,2,15/05/2010,10/03/2016,Yes,5.8,2,48.30%,95303,High School,1149,Melbourne,Mid-level,Developing,,,,,
1468,Female,46,Marketing,1,20/04/2011,14/03/2016,Yes,4.9,4,71.00%,83343,Bachelors,1261,Brisbane,Entry Level/Junior,Exceeds Expectations,,,,,
1452,Female,29,Marketing,1,21/12/2013,8/04/2016,Yes,2.3,2,66.60%,89677,Masters,1037,Melbourne,Entry Level/Junior,Developing,,,,,
1493,Male,36,Sales,5,2/02/2014,19/05/2016,Yes,2.3,4,92.50%,133957,Bachelors,,Perth,Executive,Exceeds Expectations,,,,,
1154,Male,32,Finance,2,8/02/2011,31/05/2016,Yes,5.3,3,85.70%,122550,High School,1020,Brisbane,Mid-level,Meets Expectations,,,,,
1183,Female,22,IT,3,11/05/2016,25/07/2016,Yes,0.2,3,84.10%,134558,High School,1364,Adelaide,Senior,Meets Expectations,,,,,
1455,Male,36,IT,2,16/04/2012,22/10/2016,Yes,4.5,4,75.10%,121005,Masters,1118,Perth,Mid-level,Exceeds Expectations,,,,,
1008,Female,51,Finance,3,21/01/2012,22/01/2017,Yes,5,3,79.80%,127547,Bachelors,1013,Adelaide,Senior,Meets Expectations,,,,,
1120,Female,33,IT,2,21/08/2014,8/03/2017,Yes,2.5,4,76.10%,118853,Masters,1303,Sydney,Mid-level,Exceeds Expectations,,,,,
1061,Male,39,HR,2,12/05/2016,17/03/2017,Yes,0.8,3,76.70%,100057,Bachelors,1005,Perth,Mid-level,Meets Expectations,,,,,
1346,Female,29,IT,1,1/06/2013,15/04/2017,Yes,3.9,2,49.50%,101364,Bachelors,1440,Adelaide,Entry Level/Junior,Developing,,,,,
1399,Female,41,IT,2,20/10/2011,16/04/2017,Yes,5.5,3,86.80%,120321,Bachelors,1162,Adelaide,Mid-level,Meets Expectations,,,,,
1112,Male,35,Operations,4,9/04/2016,18/05/2017,Yes,1.1,3,74.60%,136812,Masters,1158,Brisbane,Manager,Meets Expectations,,,,,
1115,Female,44,Finance,2,21/05/2016,12/06/2017,Yes,1.1,3,59.00%,111477,High School,1056,Melbourne,Mid-level,Meets Expectations,,,,,
1354,Male,45,IT,2,13/01/2012,24/06/2017,Yes,5.4,1,32.60%,124193,Bachelors,1294,Melbourne,Mid-level,Below Expectations,,,,,
1072,Male,28,Operations,2,12/10/2015,27/06/2017,Yes,1.7,3,78.40%,107888,Bachelors,1218,Perth,Mid-level,Meets Expectations,,,,,
1171,Female,33,Sales,3,22/04/2012,9/07/2017,Yes,5.2,3,57.90%,103333,Masters,1466,Adelaide,Senior,Meets Expectations,,,,,
1460,Male,40,Sales,1,3/06/2012,7/09/2017,Yes,5.3,4,59.60%,71956,High School,1393,Perth,Entry Level/Junior,Exceeds Expectations,,,,,
1274,Female,35,Operations,2,9/02/2015,19/11/2017,Yes,2.8,3,83.80%,101651,Bachelors,1053,Sydney,Mid-level,Meets Expectations,,,,,
1224,Male,48,Marketing,2,6/05/2016,23/11/2017,Yes,1.6,4,78.40%,94842,Bachelors,1056,Perth,Mid-level,Exceeds Expectations,,,,,
1021,Female,28,Finance,2,16/07/2013,4/12/2017,Yes,4.4,3,72.00%,117480,High School,1092,Sydney,Mid-level,Meets Expectations,,,,,
1331,Male,37,HR,2,11/09/2016,13/03/2018,Yes,1.5,3,80.50%,102252,PhD,1106,Perth,Mid-level,Meets Expectations,,,,,
1308,Male,41,HR,1,28/02/2014,28/06/2018,Yes,4.3,4,93.00%,81561,Bachelors,1056,Sydney,Entry Level/Junior,Exceeds Expectations,,,,,
1017,Male,37,Finance,2,31/08/2012,17/08/2018,Yes,6,3,71.80%,112770,High School,1160,Brisbane,Mid-level,Meets Expectations,,,,,
1035,Female,53,IT,3,12/03/2018,4/09/2018,Yes,0.5,3,85.70%,134316,Masters,1484,Melbourne,Senior,Meets Expectations,,,,,
1289,Male,25,Finance,1,26/09/2016,22/09/2018,Yes,2,4,87.60%,94137,Bachelors,1092,Adelaide,Entry Level/Junior,Exceeds Expectations,,,,,
1400,Female,45,Sales,3,12/04/2011,22/10/2018,Yes,7.5,4,83.80%,98869,Bachelors,1200,Perth,Senior,Exceeds Expectations,,,,,
1004,Female,32,Finance,2,1/04/2017,25/10/2018,Yes,1.6,3,74.80%,115980,Masters,1256,Melbourne,Mid-level,Meets Expectations,,,,,
1392,Male,35,HR,1,18/01/2018,8/01/2019,Yes,1,3,68.80%,89882,Bachelors,1154,Perth,Entry Level/Junior,Meets Expectations,,,,,
1424,Male,29,Sales,1,3/02/2018,10/01/2019,Yes,0.9,3,51.50%,80047,Bachelors,1105,Melbourne,Entry Level/Junior,Meets Expectations,,,,,
1179,Female,46,Marketing,2,24/04/2013,13/01/2019,Yes,5.7,3,73.90%,100964,Bachelors,1491,Adelaide,Mid-level,Meets Expectations,,,,,
1156,Male,27,HR,1,13/08/2011,15/01/2019,Yes,7.4,3,78.30%,85480,Bachelors,1139,Brisbane,Entry Level/Junior,Meets Expectations,,,,,
1193,Female,25,HR,1,16/08/2010,29/03/2019,Yes,8.6,3,81.60%,87279,Masters,1183,Perth,Entry Level/Junior,Meets Expectations,,,,,
1106,Male,48,IT,4,17/10/2018,10/04/2019,Yes,0.5,1,55.60%,153418,Masters,1348,Melbourne,Manager,Below Expectations,,,,,
1055,Female,40,HR,1,3/03/2019,14/06/2019,Yes,0.3,3,69.00%,86188,Masters,1059,Adelaide,Entry Level/Junior,Meets Expectations,,,,,
1198,Female,55,Finance,1,22/04/2017,25/09/2019,Yes,2.4,5,86.90%,93560,Bachelors,1341,Adelaide,Entry Level/Junior,Outstanding,,,,,
1209,Male,45,Marketing,2,14/02/2018,2/10/2019,Yes,1.6,3,58.20%,95341,PhD,1019,Brisbane,Mid-level,Meets Expectations,,,,,
1258,Female,24,Finance,3,15/07/2019,7/12/2019,Yes,0.4,2,67.30%,126635,High School,1491,Adelaide,Senior,Developing,,,,,
1458,Male,40,Operations,1,13/04/2015,25/12/2019,Yes,4.7,3,90.70%,92022,High School,1446,Adelaide,Entry Level/Junior,Meets Expectations,,,,,
1380,Male,31,Marketing,2,9/09/2019,2/01/2020,Yes,0.3,3,86.30%,96827,High School,1129,Adelaide,Mid-level,Meets Expectations,,,,,
1028,Male,47,Finance,1,3/04/2019,2/02/2020,Yes,0.8,3,45.10%,91959,High School,1115,Brisbane,Entry Level/Junior,Meets Expectations,,,,,
1044,Female,22,Sales,1,12/12/2013,16/04/2020,Yes,6.3,5,63.60%,73696,Bachelors,1500,Adelaide,Entry Level/Junior,Outstanding,,,,,
1456,Male,42,Operations,3,5/12/2010,6/05/2020,Yes,9.4,4,69.60%,116688,PhD,1491,Brisbane,Senior,Exceeds Expectations,,,,,
1481,Female,39,Sales,3,29/07/2014,6/05/2020,Yes,5.8,3,64.60%,108415,Bachelors,1432,Melbourne,Senior,Meets Expectations,,,,,
1474,Female,42,HR,5,19/06/2014,12/07/2020,Yes,6.1,3,88.90%,145760,Bachelors,,Perth,Executive,Meets Expectations,,,,,
1275,Male,32,HR,1,1/05/2018,30/08/2020,Yes,2.3,3,72.30%,91918,Bachelors,1010,Adelaide,Entry Level/Junior,Meets Expectations,,,,,
1030,Male,31,Operations,2,25/04/2016,15/09/2020,Yes,4.4,1,61.80%,110349,Masters,1167,Melbourne,Mid-level,Below Expectations,,,,,
1417,Male,37,Sales,5,26/04/2016,30/10/2020,Yes,4.5,3,59.30%,133557,PhD,,Adelaide,Executive,Meets Expectations,,,,,
1116,Female,52,Sales,5,29/06/2016,26/11/2020,Yes,4.4,5,93.60%,133591,High School,,Brisbane,Executive,Outstanding,,,,,
1247,Male,35,Operations,2,6/02/2016,19/12/2020,Yes,4.9,4,67.30%,107849,Bachelors,1287,Melbourne,Mid-level,Exceeds Expectations,,,,,
1167,Male,46,Operations,3,22/10/2012,25/12/2020,Yes,8.2,3,72.70%,117465,High School,1184,Sydney,Senior,Meets Expectations,,,,,
1364,Female,25,HR,5,30/06/2015,28/12/2020,Yes,5.5,2,61.10%,143742,Masters,,Sydney,Executive,Developing,,,,,
1387,Male,42,Finance,2,9/01/2012,2/01/2021,Yes,9,4,78.30%,110712,Bachelors,1252,Sydney,Mid-level,Exceeds Expectations,,,,,
1168,Male,39,HR,1,22/11/2013,8/01/2021,Yes,7.1,5,79.50%,80742,High School,1138,Brisbane,Entry Level/Junior,Outstanding,,,,,
1473,Male,32,Operations,4,18/03/2015,8/01/2021,Yes,5.8,3,70.70%,134815,High School,1160,Perth,Manager,Meets Expectations,,,,,
1033,Male,46,Marketing,2,9/12/2020,11/03/2021,Yes,0.3,1,72.60%,98876,Masters,1010,Adelaide,Mid-level,Below Expectations,,,,,
1479,Female,32,IT,2,30/10/2017,18/03/2021,Yes,3.4,3,63.40%,116563,Bachelors,1019,Adelaide,Mid-level,Meets Expectations,,,,,
1477,Male,49,Finance,3,20/08/2020,4/05/2021,Yes,0.7,3,69.20%,124288,Bachelors,1417,Brisbane,Senior,Meets Expectations,,,,,
1433,Female,37,Finance,4,19/12/2018,10/05/2021,Yes,2.4,3,67.00%,146828,Bachelors,1396,Melbourne,Manager,Meets Expectations,,,,,
1181,Male,20,IT,2,21/10/2018,18/05/2021,Yes,2.6,3,55.20%,117638,Bachelors,1491,Brisbane,Mid-level,Meets Expectations,,,,,
1321,Female,26,Marketing,2,21/01/2019,28/06/2021,Yes,2.4,3,64.70%,104506,Bachelors,1305,Perth,Mid-level,Meets Expectations,,,,,
1082,Female,43,HR,5,23/05/2017,5/07/2021,Yes,4.1,4,80.40%,143327,Bachelors,,Sydney,Executive,Exceeds Expectations,,,,,
1123,Male,37,Finance,3,25/08/2019,25/07/2021,Yes,1.9,3,69.30%,127000,Bachelors,1112,Perth,Senior,Meets Expectations,,,,,
1200,Female,38,Sales,4,11/06/2019,17/08/2021,Yes,2.2,4,71.60%,113324,Bachelors,1046,Melbourne,Manager,Exceeds Expectations,,,,,
1402,Female,40,HR,1,19/11/2019,11/12/2021,Yes,2.1,1,69.30%,90644,Bachelors,1354,Melbourne,Entry Level/Junior,Below Expectations,,,,,
1051,Female,50,Operations,1,16/05/2018,26/01/2022,Yes,3.7,3,63.90%,88472,Bachelors,1389,Brisbane,Entry Level/Junior,Meets Expectations,,,,,
1254,Male,26,Operations,4,29/07/2019,25/02/2022,Yes,2.6,3,66.10%,137562,Bachelors,1129,Melbourne,Manager,Meets Expectations,,,,,
1045,Male,27,Marketing,2,1/08/2018,20/03/2022,Yes,3.6,3,55.50%,97674,Bachelors,1226,Perth,Mid-level,Meets Expectations,,,,,
1195,Male,39,Sales,2,8/01/2015,17/04/2022,Yes,7.3,3,72.20%,91488,High School,1341,Perth,Mid-level,Meets Expectations,,,,,
1083,Male,32,Finance,2,3/06/2017,25/04/2022,Yes,4.9,4,80.30%,109295,Bachelors,1012,Brisbane,Mid-level,Exceeds Expectations,,,,,
1016,Male,32,HR,2,18/08/2019,18/05/2022,Yes,2.8,5,82.00%,96371,Bachelors,1277,Adelaide,Mid-level,Outstanding,,,,,
1484,Female,53,HR,4,11/04/2020,21/12/2022,Yes,2.7,3,71.10%,131549,Masters,1065,Sydney,Manager,Meets Expectations,,,,,
1302,Female,34,Marketing,2,18/07/2010,9/03/2023,Yes,12.6,3,85.60%,101343,High School,1106,Brisbane,Mid-level,Meets Expectations,,,,,
1050,Male,37,Finance,2,27/02/2010,11/03/2023,Yes,13,3,74.90%,110553,Bachelors,1332,Brisbane,Mid-level,Meets Expectations,,,,,
1376,Male,37,Operations,3,29/04/2012,23/04/2023,Yes,11,3,86.20%,120163,Bachelors,1325,Brisbane,Senior,Meets Expectations,,,,,
1239,Female,49,Sales,3,26/02/2020,9/06/2023,Yes,3.3,3,80.20%,100728,Bachelors,1467,Melbourne,Senior,Meets Expectations,,,,,
1432,Female,44,Marketing,4,11/04/2020,20/06/2023,Yes,3.2,5,82.90%,130351,Bachelors,1369,Brisbane,Manager,Outstanding,,,,,
1305,Female,34,IT,4,30/08/2016,4/08/2023,Yes,6.9,2,59.30%,144644,Bachelors,1065,Brisbane,Manager,Developing,,,,,
1373,Male,30,Finance,1,17/04/2018,9/09/2023,Yes,5.4,3,66.10%,90441,Bachelors,1457,Perth,Entry Level/Junior,Meets Expectations,,,,,
1133,Male,37,HR,2,2/12/2020,18/09/2023,Yes,2.8,3,76.40%,99385,Masters,1379,Adelaide,Mid-level,Meets Expectations,,,,,
1353,Female,50,HR,3,30/03/2020,21/09/2023,Yes,3.5,2,60.30%,110170,High School,1325,Melbourne,Senior,Developing,,,,,
1237,Male,52,Finance,1,16/01/2019,18/10/2023,Yes,4.8,4,69.80%,95611,Masters,1076,Brisbane,Entry Level/Junior,Exceeds Expectations,,,,,
1442,Female,32,Marketing,2,6/01/2015,19/10/2023,Yes,8.8,4,78.90%,96385,Masters,1092,Melbourne,Mid-level,Exceeds Expectations,,,,,
1096,Male,29,Marketing,1,21/09/2017,8/11/2023,Yes,6.1,4,70.50%,78114,Bachelors,1021,Adelaide,Entry Level/Junior,Exceeds Expectations,,,,,
1334,Male,36,Marketing,1,16/04/2019,8/11/2023,Yes,4.6,4,100.00%,85534,High School,1134,Adelaide,Entry Level/Junior,Exceeds Expectations,,,,,
1368,Female,45,IT,2,24/03/2018,13/11/2023,Yes,5.6,5,87.90%,126855,High School,1132,Perth,Mid-level,Outstanding,,,,,
1255,Male,34,Marketing,2,25/09/2012,19/01/2024,Yes,11.3,4,70.30%,97513,PhD,1269,Brisbane,Mid-level,Exceeds Expectations,,,,,
1280,Female,37,HR,2,12/12/2020,13/02/2024,Yes,3.2,3,70.00%,97037,Masters,1254,Sydney,Mid-level,Meets Expectations,,,,,
1444,Male,34,Operations,1,21/09/2016,25/03/2024,Yes,7.5,1,66.00%,86932,Masters,1329,Sydney,Entry Level/Junior,Below Expectations,,,,,
1440,Male,48,Sales,3,31/07/2010,8/04/2024,Yes,13.7,3,59.10%,103736,Bachelors,1451,Sydney,Senior,Meets Expectations,,,,,
1147,Female,36,Sales,1,7/12/2010,13/04/2024,Yes,13.4,4,82.80%,77682,Bachelors,1204,Adelaide,Entry Level/Junior,Exceeds Expectations,,,,,
1026,Female,28,Marketing,2,28/11/2020,5/05/2024,Yes,3.4,4,97.20%,100484,Masters,1169,Melbourne,Mid-level,Exceeds Expectations,,,,,
1087,Female,24,HR,2,25/06/2015,27/06/2024,Yes,9,4,77.90%,96896,Bachelors,1446,Sydney,Mid-level,Exceeds Expectations,,,,,
1190,Male,19,IT,2,13/01/2015,27/07/2024,Yes,9.5,5,80.00%,117574,Bachelors,1039,Brisbane,Mid-level,Outstanding,,,,,
1053,Female,23,Sales,3,8/05/2018,25/09/2024,Yes,6.4,4,90.30%,102817,Bachelors,1118,Adelaide,Senior,Exceeds Expectations,,,,,
1322,Female,51,Marketing,2,30/09/2015,19/10/2024,Yes,9.1,5,68.90%,101437,Masters,1484,Sydney,Mid-level,Outstanding,,,,,
1445,Female,26,HR,2,8/10/2012,24/11/2024,Yes,12.1,3,84.80%,98878,PhD,1364,Perth,Mid-level,Meets Expectations,,,,,
1288,Female,34,Finance,4,5/08/2015,6/12/2024,Yes,9.3,2,62.10%,141643,Bachelors,1348,Perth,Manager,Developing,,,,,
1132,Male,29,Marketing,3,16/10/2018,8/12/2024,Yes,6.2,4,88.40%,109886,Bachelors,1436,Sydney,Senior,Exceeds Expectations,,,,,
1420,Female,34,IT,5,27/09/2020,26/12/2024,Yes,4.2,3,89.70%,175944,High School,,Sydney,Executive,Meets Expectations,,,,,
1001,Male,39,IT,3,24/05/2012,,No,12.6,4,90.80%,137192,Masters,1413,Perth,Senior,Exceeds Expectations,,,,,
1002,Female,52,Sales,3,9/07/2016,,No,8.5,5,76.30%,107302,Bachelors,1429,Brisbane,Senior,Outstanding,,,,,
1003,Female,44,Operations,3,24/11/2012,,No,12.1,4,62.40%,116009,Bachelors,1473,Melbourne,Senior,Exceeds Expectations,,,,,
1005,Male,29,HR,3,4/12/2018,,No,6.1,4,83.00%,112576,Masters,1106,Adelaide,Senior,Exceeds Expectations,,,,,
1006,Male,40,Sales,1,10/07/2018,,No,6.5,3,89.70%,84982,Bachelors,1477,Sydney,Entry Level/Junior,Meets Expectations,,,,,
1007,Male,26,Finance,2,2/05/2018,,No,6.7,3,78.60%,118483,Bachelors,1162,Brisbane,Mid-level,Meets Expectations,,,,,
1009,Female,46,Sales,2,20/12/2010,,No,14,3,71.60%,87868,Bachelors,1167,Brisbane,Mid-level,Meets Expectations,,,,,
1010,Female,33,IT,3,27/08/2017,,No,7.4,3,96.60%,131091,Bachelors,1277,Sydney,Senior,Meets Expectations,,,,,
1011,Male,23,Finance,3,13/01/2014,,No,11,3,69.30%,131494,Bachelors,1365,Sydney,Senior,Meets Expectations,,,,,
1012,Female,47,IT,4,26/09/2014,,No,10.3,4,72.00%,152870,Masters,1207,Adelaide,Manager,Exceeds Expectations,,,,,
1014,Male,46,IT,2,4/11/2012,,No,12.2,2,53.90%,128367,Masters,1415,Perth,Mid-level,Developing,,,,,
1018,Female,37,Operations,2,8/02/2016,,No,8.9,3,70.40%,109292,Bachelors,1173,Perth,Mid-level,Meets Expectations,,,,,
1019,Male,33,HR,3,5/06/2010,,No,14.6,4,89.30%,111814,Masters,1292,Adelaide,Senior,Exceeds Expectations,,,,,
1020,Male,41,IT,3,21/04/2017,,No,7.7,4,68.20%,136147,PhD,1212,Sydney,Senior,Exceeds Expectations,,,,,
1022,Male,35,IT,1,1/11/2019,,No,5.2,4,73.00%,95060,Bachelors,1213,Sydney,Entry Level/Junior,Exceeds Expectations,,,,,
1023,Male,37,Marketing,2,23/09/2019,,No,5.3,4,67.70%,98823,Masters,1266,Sydney,Mid-level,Exceeds Expectations,,,,,
1024,Male,41,Sales,1,25/07/2013,,No,11.4,4,77.80%,76244,Bachelors,1462,Brisbane,Entry Level/Junior,Exceeds Expectations,,,,,
1025,Male,42,Finance,4,13/11/2019,,No,5.1,3,80.10%,144496,Bachelors,1091,Perth,Manager,Meets Expectations,,,,,
1027,Male,24,Marketing,1,15/01/2019,,No,6,3,77.60%,84772,Bachelors,1126,Brisbane,Entry Level/Junior,Meets Expectations,,,,,
1029,Female,39,IT,2,23/09/2012,,No,12.3,3,73.30%,116869,Bachelors,1493,Melbourne,Mid-level,Meets Expectations,,,,,
1031,Female,49,Marketing,2,27/09/2010,,No,14.3,2,78.60%,99151,Bachelors,1062,Sydney,Mid-level,Developing,,,,,
1032,Male,37,HR,1,15/01/2011,,No,14,4,81.00%,89425,High School,1393,Brisbane,Entry Level/Junior,Exceeds Expectations,,,,,
1034,Female,37,Operations,2,30/07/2013,,No,11.4,3,77.30%,108034,High School,1113,Melbourne,Mid-level,Meets Expectations,,,,,
1036,Female,51,IT,2,1/11/2018,,No,6.2,2,62.50%,115738,Bachelors,1173,Perth,Mid-level,Developing,,,,,
1037,Male,35,HR,2,26/05/2019,,No,5.6,5,83.10%,103549,PhD,1251,Adelaide,Mid-level,Outstanding,,,,,
1038,Male,44,Marketing,1,4/12/2020,,No,4.1,3,79.50%,87945,Bachelors,1312,Adelaide,Entry Level/Junior,Meets Expectations,,,,,
1039,Female,42,IT,5,23/08/2012,,No,12.4,3,68.00%,166114,Bachelors,,Melbourne,Executive,Meets Expectations,,,,,
1040,Male,47,Operations,2,11/06/2010,,No,14.6,3,66.50%,102840,High School,1267,Sydney,Mid-level,Meets Expectations,,,,,
1041,Male,29,Finance,3,3/07/2014,,No,10.5,3,66.90%,127347,Bachelors,1484,Perth,Senior,Meets Expectations,,,,,
1042,Male,42,Sales,1,5/06/2011,,No,13.6,1,56.60%,83264,Masters,1344,Adelaide,Entry Level/Junior,Below Expectations,,,,,
1043,Male,45,Sales,2,31/03/2010,,No,14.8,4,84.70%,92830,PhD,1008,Melbourne,Mid-level,Exceeds Expectations,,,,,
1046,Female,20,HR,5,14/03/2016,,No,8.8,4,96.30%,143114,Masters,,Perth,Executive,Exceeds Expectations,,,,,
1047,Male,34,IT,2,5/06/2013,,No,11.6,4,71.20%,114013,Masters,1207,Brisbane,Mid-level,Exceeds Expectations,,,,,
1048,Female,42,Finance,1,2/03/2017,,No,7.8,4,79.40%,95580,Bachelors,1259,Melbourne,Entry Level/Junior,Exceeds Expectations,,,,,
1049,Female,49,Operations,1,17/07/2012,,No,12.5,3,58.80%,88912,Bachelors,1290,Perth,Entry Level/Junior,Meets Expectations,,,,,
1052,Female,25,Marketing,1,30/10/2016,,No,8.2,4,61.80%,89149,High School,1128,Adelaide,Entry Level/Junior,Exceeds Expectations,,,,,
1054,Female,36,Marketing,2,5/06/2010,,No,14.6,3,86.20%,98173,Bachelors,1207,Brisbane,Mid-level,Meets Expectations,,,,,
1056,Female,36,HR,4,14/10/2016,,No,8.2,5,92.50%,127781,High School,1436,Perth,Manager,Outstanding,,,,,
1057,Male,20,Operations,1,3/03/2016,,No,8.8,4,96.70%,90298,Bachelors,1494,Sydney,Entry Level/Junior,Exceeds Expectations,,,,,
1058,Male,36,IT,5,3/11/2016,,No,8.2,5,90.00%,170277,Bachelors,,Perth,Executive,Outstanding,,,,,
1059,Male,26,IT,2,20/06/2019,,No,5.5,4,81.50%,119338,Bachelors,1142,Brisbane,Mid-level,Exceeds Expectations,,,,,
1060,Male,42,Operations,4,5/06/2016,,No,8.6,3,74.60%,131777,High School,1419,Brisbane,Manager,Meets Expectations,,,,,
1062,Male,29,HR,3,6/11/2020,,No,4.2,4,72.60%,117937,Bachelors,1128,Adelaide,Senior,Exceeds Expectations,,,,,
1063,Female,32,HR,5,15/04/2018,,No,6.7,2,64.20%,143352,Bachelors,,Adelaide,Executive,Developing,,,,,
1064,Male,28,Marketing,1,5/11/2014,,No,10.2,3,77.60%,84566,Bachelors,1110,Brisbane,Entry Level/Junior,Meets Expectations,,,,,
1065,Male,36,HR,5,30/09/2017,,No,7.3,4,72.40%,144601,Bachelors,,Melbourne,Executive,Exceeds Expectations,,,,,
1066,Female,44,Finance,2,6/04/2014,,No,10.7,3,69.60%,113669,Masters,1364,Adelaide,Mid-level,Meets Expectations,,,,,
1067,Male,29,Sales,2,4/07/2012,,No,12.5,4,78.80%,92815,Bachelors,1292,Perth,Mid-level,Exceeds Expectations,,,,,
1068,Female,41,HR,2,15/07/2016,,No,8.5,3,84.00%,100173,Masters,1466,Adelaide,Mid-level,Meets Expectations,,,,,
1069,Male,32,Operations,2,1/03/2020,,No,4.8,5,70.10%,101582,Bachelors,1498,Perth,Mid-level,Outstanding,,,,,
1070,Female,30,Sales,1,5/03/2020,,No,4.8,1,69.00%,74039,High School,1133,Brisbane,Entry Level/Junior,Below Expectations,,,,,
1073,Male,32,Sales,3,26/04/2012,,No,12.7,3,65.70%,106110,Masters,1065,Brisbane,Senior,Meets Expectations,,,,,
1074,Female,27,Operations,3,26/11/2020,,No,4.1,4,59.30%,123042,Masters,1202,Melbourne,Senior,Exceeds Expectations,,,,,
1075,Female,52,Marketing,2,29/09/2020,,No,4.3,4,81.90%,97434,Masters,1241,Perth,Mid-level,Exceeds Expectations,,,,,
1076,Female,37,Finance,2,11/02/2017,,No,7.9,2,69.20%,109500,Bachelors,1493,Melbourne,Mid-level,Developing,,,,,
1077,Female,31,Marketing,1,23/10/2018,,No,6.2,3,81.90%,80568,Bachelors,1286,Melbourne,Entry Level/Junior,Meets Expectations,,,,,
1078,Male,38,Marketing,1,31/10/2017,,No,7.2,3,65.10%,80187,High School,1183,Sydney,Entry Level/Junior,Meets Expectations,,,,,
1079,Male,36,Operations,1,30/06/2016,,No,8.5,3,80.20%,94545,Bachelors,1255,Adelaide,Entry Level/Junior,Meets Expectations,,,,,
1080,Male,35,IT,2,2/08/2010,,No,14.4,5,94.90%,116904,Bachelors,1165,Perth,Mid-level,Outstanding,,,,,
1081,Female,41,HR,1,25/12/2014,,No,10,4,77.10%,90197,High School,1099,Melbourne,Entry Level/Junior,Exceeds Expectations,,,,,
1084,Male,32,Finance,2,1/02/2014,,No,10.9,3,65.10%,107622,Masters,1335,Perth,Mid-level,Meets Expectations,,,,,
1085,Male,34,HR,2,24/04/2020,,No,4.7,5,86.70%,98682,PhD,1348,Melbourne,Mid-level,Outstanding,,,,,
1088,Female,47,IT,2,26/07/2017,,No,7.4,4,62.60%,127996,Bachelors,1327,Melbourne,Mid-level,Exceeds Expectations,,,,,
1089,Female,50,Finance,2,20/08/2017,,No,7.4,3,65.30%,108637,Bachelors,1112,Adelaide,Mid-level,Meets Expectations,,,,,
1090,Male,35,Sales,2,7/02/2017,,No,7.9,4,59.60%,93437,Masters,1146,Melbourne,Mid-level,Exceeds Expectations,,,,,
1091,Male,41,Operations,5,6/01/2013,,No,12,3,86.50%,149455,High School,,Perth,Executive,Meets Expectations,,,,,
1092,Female,39,Finance,4,17/09/2011,,No,13.3,3,81.60%,142717,Bachelors,1419,Perth,Manager,Meets Expectations,,,,,
1093,Female,61,Finance,2,18/12/2016,,No,8,3,67.40%,106914,Masters,1379,Perth,Mid-level,Meets Expectations,,,,,
1094,Female,45,Marketing,2,25/07/2016,,No,8.4,5,68.40%,97655,Bachelors,1400,Sydney,Mid-level,Outstanding,,,,,
1095,Female,35,Marketing,2,19/12/2011,,No,13,4,70.60%,93945,Bachelors,1186,Perth,Mid-level,Exceeds Expectations,,,,,
1097,Female,24,Operations,2,26/12/2014,,No,10,4,79.10%,105448,High School,1382,Melbourne,Mid-level,Exceeds Expectations,,,,,
1098,Male,38,Marketing,1,25/04/2017,,No,7.7,3,73.10%,81776,Bachelors,1165,Brisbane,Entry Level/Junior,Meets Expectations,,,,,
1099,Male,30,IT,2,4/03/2019,,No,5.8,5,95.20%,126158,Bachelors,1265,Adelaide,Mid-level,Outstanding,,,,,
1100,Male,25,HR,2,10/11/2011,,No,13.2,3,67.00%,104400,High School,1252,Adelaide,Mid-level,Meets Expectations,,,,,
1102,Female,28,Finance,5,14/07/2018,,No,6.5,3,60.40%,157276,Masters,,Sydney,Executive,Meets Expectations,,,,,
1103,Male,50,IT,4,4/09/2016,,No,8.3,4,77.30%,153578,Bachelors,1160,Melbourne,Manager,Exceeds Expectations,,,,,
1104,Male,44,Sales,3,30/08/2017,,No,7.3,4,69.90%,95482,Bachelors,1102,Sydney,Senior,Exceeds Expectations,,,,,
1105,Female,36,IT,2,7/03/2019,,No,5.8,3,68.80%,117802,Bachelors,1041,Melbourne,Mid-level,Meets Expectations,,,,,
1107,Male,37,Finance,1,10/07/2020,,No,4.5,4,86.20%,96616,Bachelors,1108,Sydney,Entry Level/Junior,Exceeds Expectations,,,,,
1108,Female,30,HR,3,14/11/2015,,No,9.1,1,56.90%,115047,Bachelors,1128,Adelaide,Senior,Below Expectations,,,,,
1109,Male,49,Marketing,1,8/05/2015,,No,9.7,4,74.10%,84233,Masters,1322,Melbourne,Entry Level/Junior,Exceeds Expectations,,,,,
1110,Male,41,Operations,3,27/05/2014,,No,10.6,5,90.40%,109825,Masters,1348,Sydney,Senior,Outstanding,,,,,
1113,Female,29,Finance,4,13/01/2013,,No,12,4,81.90%,149352,Bachelors,1396,Adelaide,Manager,Exceeds Expectations,,,,,
1114,Female,25,Finance,1,3/02/2020,,No,4.9,4,77.90%,97474,Bachelors,1089,Perth,Entry Level/Junior,Exceeds Expectations,,,,,
1117,Female,25,Operations,2,20/11/2013,,No,11.1,2,90.50%,96159,Masters,1112,Perth,Mid-level,Developing,,,,,
1118,Male,41,HR,4,27/07/2010,,No,14.4,3,74.40%,127746,Bachelors,1207,Perth,Manager,Meets Expectations,,,,,
1119,Female,31,HR,2,7/05/2010,,No,14.7,4,68.90%,98043,Bachelors,1400,Melbourne,Mid-level,Exceeds Expectations,,,,,
1121,Female,32,IT,1,5/12/2010,,No,14.1,3,84.10%,92655,Masters,1013,Melbourne,Entry Level/Junior,Meets Expectations,,,,,
1122,Female,30,IT,1,24/08/2016,,No,8.4,4,71.40%,107608,High School,1142,Brisbane,Entry Level/Junior,Exceeds Expectations,,,,,
1124,Male,30,HR,2,2/09/2019,,No,5.3,3,75.00%,101947,High School,1335,Melbourne,Mid-level,Meets Expectations,,,,,
1125,Male,39,Operations,2,21/03/2017,,No,7.8,2,79.40%,105836,Masters,1298,Sydney,Mid-level,Developing,,,,,
1126,Male,36,Finance,2,24/04/2012,,No,12.7,4,86.60%,117049,Bachelors,1431,Melbourne,Mid-level,Exceeds Expectations,,,,,
1127,Female,35,Sales,2,14/06/2019,,No,5.6,3,79.80%,84948,PhD,1025,Adelaide,Mid-level,Meets Expectations,,,,,
1128,Female,29,IT,4,15/09/2019,,No,5.3,3,67.30%,153477,High School,1267,Sydney,Manager,Meets Expectations,,,,,
1129,Male,32,Finance,5,26/02/2012,,No,12.9,3,77.90%,164584,High School,,Brisbane,Executive,Meets Expectations,,,,,
1130,Male,43,Finance,2,28/01/2018,,No,6.9,4,69.90%,111608,Bachelors,1035,Perth,Mid-level,Exceeds Expectations,,,,,
1131,Male,41,Sales,3,20/02/2013,,No,11.9,4,87.00%,100908,Bachelors,1385,Melbourne,Senior,Exceeds Expectations,,,,,
1134,Male,43,Operations,5,1/05/2010,,No,14.7,3,70.70%,147296,Bachelors,,Sydney,Executive,Meets Expectations,,,,,
1135,Female,23,Marketing,1,30/10/2019,,No,5.2,3,69.50%,83465,Bachelors,1228,Adelaide,Entry Level/Junior,Meets Expectations,,,,,
1136,Male,41,IT,1,26/10/2016,,No,8.2,4,95.50%,108410,Masters,1360,Brisbane,Entry Level/Junior,Exceeds Expectations,,,,,
1137,Male,31,Finance,4,29/08/2020,,No,4.3,5,77.80%,141610,Bachelors,1091,Perth,Manager,Outstanding,,,,,
1138,Female,41,Sales,2,4/02/2015,,No,9.9,1,73.50%,89415,Masters,1108,Brisbane,Mid-level,Below Expectations,,,,,
1139,Male,30,Sales,3,13/04/2019,,No,5.7,4,80.10%,105494,High School,1200,Melbourne,Senior,Exceeds Expectations,,,,,
1140,Female,22,HR,4,7/09/2010,,No,14.3,2,66.00%,128970,Bachelors,1134,Sydney,Manager,Developing,,,,,
1141,Female,23,Marketing,1,3/09/2013,,No,11.3,3,60.00%,79347,High School,1470,Adelaide,Entry Level/Junior,Meets Expectations,,,,,
1142,Male,37,HR,4,26/09/2010,,No,14.3,3,76.40%,129379,High School,1058,Adelaide,Manager,Meets Expectations,,,,,
1143,Male,39,Finance,2,6/09/2020,,No,4.3,3,72.20%,111604,Masters,1491,Sydney,Mid-level,Meets Expectations,,,,,
1144,Male,29,HR,2,12/12/2018,,No,6.1,3,89.90%,104312,High School,1123,Sydney,Mid-level,Meets Expectations,,,,,
1145,Male,42,Operations,2,4/05/2019,,No,5.7,3,63.10%,101354,Bachelors,1431,Melbourne,Mid-level,Meets Expectations,,,,,
1146,Male,23,Sales,4,9/04/2020,,No,4.7,3,94.40%,120192,Bachelors,1091,Brisbane,Manager,Meets Expectations,,,,,
1149,Male,31,IT,3,12/10/2010,,No,14.2,2,63.30%,130437,High School,1046,Brisbane,Senior,Developing,,,,,
1150,Male,37,Finance,3,23/04/2012,,No,12.7,4,82.00%,135737,Bachelors,1118,Melbourne,Senior,Exceeds Expectations,,,,,
1151,Female,30,Operations,3,6/07/2012,,No,12.5,3,78.50%,119400,PhD,1256,Adelaide,Senior,Meets Expectations,,,,,
1152,Male,33,Marketing,1,20/02/2015,,No,9.9,3,82.30%,87277,Bachelors,1142,Sydney,Entry Level/Junior,Meets Expectations,,,,,
1153,Male,45,HR,1,10/12/2012,,No,12.1,4,68.80%,80250,Masters,1094,Sydney,Entry Level/Junior,Exceeds Expectations,,,,,
1155,Female,43,IT,3,1/11/2011,,No,13.2,2,72.60%,139796,Bachelors,1046,Perth,Senior,Developing,,,,,
1157,Female,41,IT,1,28/08/2020,,No,4.3,5,79.10%,100698,Masters,1071,Perth,Entry Level/Junior,Outstanding,,,,,
1158,Female,48,HR,5,26/04/2018,,No,6.7,3,62.70%,146644,PhD,,Melbourne,Executive,Meets Expectations,,,,,
1159,Male,17,Marketing,1,7/08/2020,,No,4.4,4,77.00%,86370,Bachelors,1161,Melbourne,Entry Level/Junior,Exceeds Expectations,,,,,
1160,Female,30,Finance,5,25/10/2014,,No,10.2,3,74.90%,160730,Bachelors,,Adelaide,Executive,Meets Expectations,,,,,
1161,Male,41,HR,3,18/01/2013,,No,12,3,59.70%,115239,High School,1484,Perth,Senior,Meets Expectations,,,,,
1162,Female,35,Operations,3,29/09/2018,,No,6.3,3,79.80%,122104,Bachelors,1351,Adelaide,Senior,Meets Expectations,,,,,
1163,Female,39,Sales,1,29/07/2013,,No,11.4,4,88.40%,72339,Bachelors,1100,Sydney,Entry Level/Junior,Exceeds Expectations,,,,,
1165,Male,37,Operations,3,19/07/2012,,No,12.5,3,63.50%,113824,Bachelors,1256,Brisbane,Senior,Meets Expectations,,,,,
1169,Male,39,HR,3,19/05/2017,,No,7.6,2,66.70%,112342,Bachelors,1140,Sydney,Senior,Developing,,,,,
1170,Female,33,HR,3,8/09/2010,,No,14.3,3,76.50%,115737,Bachelors,1184,Perth,Senior,Meets Expectations,,,,,
1172,Male,33,Operations,3,11/11/2018,,No,6.1,5,69.30%,115600,Bachelors,1134,Sydney,Senior,Outstanding,,,,,
1173,Male,40,Sales,3,11/08/2011,,No,13.4,2,41.80%,98459,Bachelors,1348,Perth,Senior,Developing,,,,,
1174,Male,33,HR,2,2/10/2013,,No,11.3,3,82.80%,101066,High School,1011,Melbourne,Mid-level,Meets Expectations,,,,,
1175,Female,39,Operations,1,21/06/2019,,No,5.5,4,76.80%,87822,Masters,1326,Perth,Entry Level/Junior,Exceeds Expectations,,,,,
1176,Male,53,Operations,2,12/09/2011,,No,13.3,4,89.50%,104032,Masters,1244,Adelaide,Mid-level,Exceeds Expectations,,,,,
1177,Female,43,IT,1,27/11/2010,,No,14.1,3,62.90%,101321,High School,1083,Perth,Entry Level/Junior,Meets Expectations,,,,,
1178,Male,34,IT,2,23/04/2015,,No,9.7,3,73.20%,120827,Masters,1025,Brisbane,Mid-level,Meets Expectations,,,,,
1180,Male,33,Finance,1,3/03/2016,,No,8.8,3,67.00%,96586,High School,1305,Melbourne,Entry Level/Junior,Meets Expectations,,,,,
1182,Male,28,Sales,1,3/07/2011,,No,13.5,3,91.50%,78080,Bachelors,1435,Perth,Entry Level/Junior,Meets Expectations,,,,,
1184,Female,34,Marketing,4,16/07/2015,,No,9.5,3,69.00%,120251,Masters,1091,Melbourne,Manager,Meets Expectations,,,,,
1186,Female,50,Marketing,5,31/10/2016,,No,8.2,5,77.60%,143162,Bachelors,,Melbourne,Executive,Outstanding,,,,,
1188,Female,35,Operations,1,6/05/2015,,No,9.7,2,86.20%,98551,Bachelors,1249,Melbourne,Entry Level/Junior,Developing,,,,,
1191,Male,38,Sales,3,10/05/2013,,No,11.7,3,74.30%,112162,High School,1473,Melbourne,Senior,Meets Expectations,,,,,
1192,Female,43,Sales,3,3/01/2019,,No,6,2,83.30%,103868,Bachelors,1102,Perth,Senior,Developing,,,,,
1194,Female,46,Operations,1,2/08/2014,,No,10.4,3,56.40%,84295,Bachelors,1285,Melbourne,Entry Level/Junior,Meets Expectations,,,,,
1196,Male,33,Finance,1,10/12/2017,,No,7.1,3,72.30%,103727,Masters,1191,Adelaide,Entry Level/Junior,Meets Expectations,,,,,
1197,Female,42,Operations,1,16/04/2016,,No,8.7,1,60.30%,94824,Bachelors,1076,Adelaide,Entry Level/Junior,Below Expectations,,,,,
1199,Female,38,Sales,3,6/07/2018,,No,6.5,3,57.90%,102711,High School,1277,Sydney,Senior,Meets Expectations,,,,,
1201,Female,33,HR,2,9/06/2013,,No,11.6,4,83.30%,97735,Masters,1239,Sydney,Mid-level,Exceeds Expectations,,,,,
1202,Male,30,Sales,4,23/11/2015,,No,9.1,3,79.50%,110791,Bachelors,1332,Perth,Manager,Meets Expectations,,,,,
1203,Male,43,Operations,2,15/03/2019,,No,5.8,3,73.20%,104681,Bachelors,1379,Sydney,Mid-level,Meets Expectations,,,,,
1204,Female,30,Operations,2,1/11/2020,,No,4.2,3,68.40%,110662,Masters,1239,Perth,Mid-level,Meets Expectations,,,,,
1205,Female,37,Operations,1,29/09/2019,,No,5.3,3,70.40%,91332,Masters,1062,Perth,Entry Level/Junior,Meets Expectations,,,,,
1206,Male,33,HR,2,25/01/2014,,No,10.9,4,85.70%,105718,Masters,1474,Brisbane,Mid-level,Exceeds Expectations,,,,,
1207,Male,40,HR,5,20/02/2012,,No,12.9,5,84.20%,147863,Bachelors,,Adelaide,Executive,Outstanding,,,,,
1208,Female,39,Sales,2,12/05/2015,,No,9.6,2,57.50%,89222,Bachelors,1062,Perth,Mid-level,Developing,,,,,
1210,Male,32,Marketing,2,25/05/2015,,No,9.6,5,68.00%,95475,Masters,1352,Adelaide,Mid-level,Outstanding,,,,,
1211,Female,34,HR,1,17/04/2015,,No,9.7,4,92.50%,80218,High School,1009,Perth,Entry Level/Junior,Exceeds Expectations,,,,,
1212,Female,29,Sales,4,7/03/2019,,No,5.8,4,84.80%,117105,High School,1091,Perth,Manager,Exceeds Expectations,,,,,
1213,Female,33,Marketing,2,16/12/2013,,No,11.1,3,72.30%,87834,Bachelors,1200,Sydney,Mid-level,Meets Expectations,,,,,
1214,Male,40,Sales,2,2/06/2019,,No,5.6,3,67.10%,92922,Masters,1262,Sydney,Mid-level,Meets Expectations,,,,,
1215,Female,43,Sales,2,16/06/2014,,No,10.6,4,72.40%,91233,Bachelors,1285,Adelaide,Mid-level,Exceeds Expectations,,,,,
1216,Male,29,Sales,2,5/08/2013,,No,11.4,4,89.40%,92532,Bachelors,1267,Perth,Mid-level,Exceeds Expectations,,,,,
1217,Male,43,IT,1,21/12/2014,,No,10,3,92.10%,106492,High School,1192,Melbourne,Entry Level/Junior,Meets Expectations,,,,,
1218,Female,47,Operations,3,8/05/2018,,No,6.7,1,55.90%,120745,Bachelors,1202,Sydney,Senior,Below Expectations,,,,,
1220,Female,52,IT,3,25/02/2012,,No,12.9,3,74.10%,138643,Bachelors,1434,Perth,Senior,Meets Expectations,,,,,
1221,Female,30,HR,3,2/06/2020,,No,4.6,3,69.30%,112474,Masters,1364,Perth,Senior,Meets Expectations,,,,,
1222,Female,27,Marketing,3,3/12/2011,,No,13.1,5,99.00%,111168,PhD,1106,Melbourne,Senior,Outstanding,,,,,
1223,Male,22,Operations,2,20/03/2016,,No,8.8,3,72.50%,96520,Bachelors,1065,Adelaide,Mid-level,Meets Expectations,,,,,
1225,Male,42,Operations,1,13/05/2015,,No,9.6,3,75.40%,88571,Bachelors,1106,Sydney,Entry Level/Junior,Meets Expectations,,,,,
1226,Male,36,Marketing,3,22/01/2017,,No,7.9,4,61.10%,113911,Masters,1436,Melbourne,Senior,Exceeds Expectations,,,,,
1227,Female,39,Operations,1,8/07/2012,,No,12.5,5,86.60%,87186,Bachelors,1171,Adelaide,Entry Level/Junior,Outstanding,,,,,
1228,Male,27,Marketing,2,20/01/2016,,No,9,2,62.10%,93638,Bachelors,1268,Melbourne,Mid-level,Developing,,,,,
1229,Female,56,Marketing,1,28/01/2014,,No,10.9,1,49.10%,77393,Masters,1041,Sydney,Entry Level/Junior,Below Expectations,,,,,
1230,Female,38,Marketing,1,31/03/2017,,No,7.8,3,67.20%,81912,Bachelors,1195,Adelaide,Entry Level/Junior,Meets Expectations,,,,,
1231,Female,37,Marketing,2,19/07/2011,,No,13.5,2,63.80%,104827,Masters,1332,Melbourne,Mid-level,Developing,,,,,
1232,Male,42,HR,1,2/04/2016,,No,8.8,4,87.90%,87375,Bachelors,1477,Brisbane,Entry Level/Junior,Exceeds Expectations,,,,,
1233,Female,40,Sales,3,12/01/2012,,No,13,5,73.30%,107053,High School,1474,Sydney,Senior,Outstanding,,,,,
1234,Male,38,Finance,2,19/01/2013,,No,12,3,65.70%,108399,Bachelors,1039,Sydney,Mid-level,Meets Expectations,,,,,
1235,Male,30,IT,1,24/05/2012,,No,12.6,3,76.10%,95312,Masters,1067,Sydney,Entry Level/Junior,Meets Expectations,,,,,
1236,Female,40,Finance,2,2/01/2012,,No,13,3,60.60%,107115,Bachelors,1265,Brisbane,Mid-level,Meets Expectations,,,,,
1238,Male,47,Operations,1,16/02/2013,,No,11.9,1,46.90%,82522,Masters,1247,Perth,Entry Level/Junior,Below Expectations,,,,,
1240,Male,32,Operations,1,15/08/2020,,No,4.4,3,68.30%,87801,PhD,1131,Perth,Entry Level/Junior,Meets Expectations,,,,,
1241,Female,29,Sales,3,4/04/2016,,No,8.8,3,72.50%,99706,High School,1184,Melbourne,Senior,Meets Expectations,,,,,
1242,Female,35,Sales,1,27/07/2011,,No,13.4,3,83.20%,71098,Bachelors,1356,Brisbane,Entry Level/Junior,Meets Expectations,,,,,
1243,Female,37,Marketing,1,7/02/2014,,No,10.9,4,71.00%,85013,High School,1420,Brisbane,Entry Level/Junior,Exceeds Expectations,,,,,
1244,Male,45,HR,3,26/09/2018,,No,6.3,2,63.80%,115365,Masters,1106,Perth,Senior,Developing,,,,,
1245,Male,23,Marketing,2,9/01/2014,,No,11,3,62.70%,100726,Bachelors,1169,Adelaide,Mid-level,Meets Expectations,,,,,
1246,Female,49,HR,1,15/12/2010,,No,14.1,4,68.60%,82402,High School,1062,Perth,Entry Level/Junior,Exceeds Expectations,,,,,
1248,Female,33,HR,1,4/04/2019,,No,5.8,1,56.80%,91905,Bachelors,1496,Perth,Entry Level/Junior,Below Expectations,,,,,0.26
1249,Female,28,Operations,3,19/09/2018,,No,6.3,3,68.00%,120983,High School,1137,Sydney,Senior,Meets Expectations,,,,,
1250,Female,23,Finance,2,2/12/2011,,No,13.1,3,76.80%,109560,Masters,1273,Melbourne,Mid-level,Meets Expectations,,,,,
1251,Male,43,Finance,3,15/05/2017,,No,7.6,3,63.40%,128580,Masters,1202,Melbourne,Senior,Meets Expectations,,,,,
1252,Male,37,HR,4,1/06/2012,,No,12.6,3,77.00%,127231,Bachelors,1082,Adelaide,Manager,Meets Expectations,,,,,
1253,Female,26,HR,2,22/05/2012,,No,12.6,2,73.60%,97832,PhD,1469,Brisbane,Mid-level,Developing,,,,,
1256,Female,50,Operations,5,18/11/2012,,No,12.1,3,74.50%,154519,Bachelors,,Perth,Executive,Meets Expectations,,,,,
1257,Female,34,Marketing,1,3/01/2010,,No,15,4,77.50%,82451,Bachelors,1134,Sydney,Entry Level/Junior,Exceeds Expectations,,,,,
1259,Female,35,Sales,2,6/09/2018,,No,6.3,5,97.60%,89158,Masters,1091,Brisbane,Mid-level,Outstanding,,,,,
1260,Male,34,HR,2,14/11/2016,,No,8.1,4,78.10%,96767,Bachelors,1473,Melbourne,Mid-level,Exceeds Expectations,,,,,
1261,Female,15,Marketing,2,21/03/2018,,No,6.8,4,70.60%,100850,High School,1073,Brisbane,Mid-level,Exceeds Expectations,,,,,
1262,Female,36,Operations,3,1/09/2011,,No,13.3,4,70.10%,128196,High School,1305,Melbourne,Senior,Exceeds Expectations,,,,,
1263,Male,35,Finance,1,8/01/2015,,No,10,5,74.50%,94471,Bachelors,1236,Brisbane,Entry Level/Junior,Outstanding,,,,,
1264,Male,42,Marketing,1,5/11/2013,,No,11.2,3,58.70%,81618,Bachelors,1128,Melbourne,Entry Level/Junior,Meets Expectations,,,,,
1265,Female,51,Operations,3,11/01/2011,,No,14,3,83.50%,117205,Masters,1429,Perth,Senior,Meets Expectations,,,,,
1266,Female,46,HR,3,29/04/2015,,No,9.7,3,50.60%,112752,Masters,1142,Melbourne,Senior,Meets Expectations,,,,,
1267,Female,34,HR,5,31/01/2020,,No,4.9,4,81.40%,149939,High School,,Melbourne,Executive,Exceeds Expectations,,,,,
1268,Female,28,IT,3,10/06/2010,,No,14.6,4,70.70%,132946,Masters,1103,Sydney,Senior,Exceeds Expectations,,,,,
1269,Male,57,Sales,5,11/03/2013,,No,11.8,3,68.40%,128097,High School,,Melbourne,Executive,Meets Expectations,,,,,
1270,Male,37,IT,3,10/04/2012,,No,12.7,2,59.80%,130728,Masters,1332,Sydney,Senior,Developing,,,,,
1271,Female,37,Finance,1,10/08/2012,,No,12.4,3,88.20%,97174,Masters,1172,Adelaide,Entry Level/Junior,Meets Expectations,,,,,
1272,Female,36,Marketing,1,13/12/2019,,No,5.1,5,81.70%,83764,Bachelors,1144,Sydney,Entry Level/Junior,Outstanding,,,,,
1273,Female,38,Finance,3,16/02/2015,,No,9.9,3,80.90%,123451,Masters,1269,Perth,Senior,Meets Expectations,,,,,
1276,Male,32,IT,2,10/09/2011,,No,13.3,3,62.00%,119139,Masters,1385,Perth,Mid-level,Meets Expectations,,,,,
1277,Female,36,IT,5,4/05/2015,,No,9.7,4,75.70%,170432,Bachelors,,Brisbane,Executive,Exceeds Expectations,,,,,
1278,Female,32,IT,2,16/09/2014,,No,10.3,4,70.70%,119449,Bachelors,1332,Brisbane,Mid-level,Exceeds Expectations,,,,,
1279,Female,31,Finance,2,15/07/2016,,No,8.5,4,72.50%,117578,Bachelors,1041,Sydney,Mid-level,Exceeds Expectations,,,,,
1281,Female,34,Marketing,1,5/06/2018,,No,6.6,3,70.60%,82612,Bachelors,1436,Adelaide,Entry Level/Junior,Meets Expectations,,,,,
1282,Male,49,Operations,2,11/05/2014,,No,10.7,3,77.30%,104366,High School,1170,Adelaide,Mid-level,Meets Expectations,,,,,
1283,Male,15,Marketing,2,24/01/2019,,No,5.9,4,82.40%,91975,Masters,1169,Melbourne,Mid-level,Exceeds Expectations,,,,,
1284,Male,45,Finance,1,14/11/2011,,No,13.1,3,72.60%,92335,Masters,1192,Adelaide,Entry Level/Junior,Meets Expectations,,,,,
1285,Female,46,Operations,3,2/05/2010,,No,14.7,3,78.40%,123925,High School,1092,Melbourne,Senior,Meets Expectations,,,,,
1286,Male,20,IT,2,28/03/2012,,No,12.8,3,68.30%,122230,Bachelors,1199,Perth,Mid-level,Meets Expectations,,,,,
1287,Male,34,Sales,3,23/09/2013,,No,11.3,5,96.50%,107045,High School,1102,Sydney,Senior,Outstanding,,,,,
1290,Female,30,HR,3,22/12/2019,,No,5,3,56.70%,108762,Masters,1367,Perth,Senior,Meets Expectations,,,,,
1291,Male,28,Marketing,2,2/08/2015,,No,9.4,3,69.00%,101261,Bachelors,1400,Perth,Mid-level,Meets Expectations,,,,,
1292,Male,51,Finance,4,29/06/2015,,No,9.5,1,59.50%,148386,Bachelors,1434,Perth,Manager,Below Expectations,,,,,
1293,Female,44,Finance,1,20/07/2010,,No,14.5,3,77.10%,100335,Bachelors,1331,Adelaide,Entry Level/Junior,Meets Expectations,,,,,
1294,Male,47,IT,3,20/05/2010,,No,14.6,3,83.00%,142817,Masters,1113,Perth,Senior,Meets Expectations,,,,,
1295,Male,42,IT,2,14/01/2016,,No,9,2,55.20%,120793,Bachelors,1415,Melbourne,Mid-level,Developing,,,,,
1296,Female,27,Operations,1,19/10/2014,,No,10.2,3,62.00%,95838,PhD,1129,Adelaide,Entry Level/Junior,Meets Expectations,,,,,
1297,Female,32,Sales,1,11/03/2019,,No,5.8,5,67.70%,77348,Bachelors,1134,Perth,Entry Level/Junior,Outstanding,,,,,
1298,Male,40,HR,3,5/10/2011,,No,13.3,2,82.20%,108838,High School,1325,Adelaide,Senior,Developing,,,,,
1299,Female,27,Sales,3,10/04/2010,,No,14.7,4,82.40%,106797,Bachelors,1434,Brisbane,Senior,Exceeds Expectations,,,,,
1300,Male,42,Operations,2,2/12/2014,,No,10.1,3,62.20%,98235,Bachelors,1421,Melbourne,Mid-level,Meets Expectations,,,,,
1301,Male,35,IT,2,7/08/2012,,No,12.4,4,74.30%,119723,Bachelors,1151,Perth,Mid-level,Exceeds Expectations,,,,,
1303,Female,42,IT,3,8/12/2017,,No,7.1,3,69.30%,137378,High School,1140,Brisbane,Senior,Meets Expectations,,,,,
1304,Female,40,HR,1,23/03/2011,,No,13.8,3,70.80%,94601,Masters,1085,Adelaide,Entry Level/Junior,Meets Expectations,,,,,
1307,Male,28,HR,2,25/11/2011,,No,13.1,4,90.80%,100862,Bachelors,1268,Melbourne,Mid-level,Exceeds Expectations,,,,,
1309,Female,41,Operations,1,11/10/2018,,No,6.2,4,67.00%,85673,Bachelors,1014,Melbourne,Entry Level/Junior,Exceeds Expectations,,,,,
1310,Male,34,HR,2,18/04/2014,,No,10.7,4,92.30%,97757,Bachelors,1376,Brisbane,Mid-level,Exceeds Expectations,,,,,
1311,Male,39,HR,1,23/03/2018,,No,6.8,2,62.20%,82441,Bachelors,1145,Melbourne,Entry Level/Junior,Developing,,,,,
1312,Male,26,Marketing,3,17/05/2011,,No,13.6,3,79.40%,111622,Bachelors,1184,Adelaide,Senior,Meets Expectations,,,,,
1313,Male,44,Sales,1,19/06/2018,,No,6.5,3,86.10%,76040,High School,1112,Sydney,Entry Level/Junior,Meets Expectations,,,,,
1314,Female,35,Finance,2,5/08/2012,,No,12.4,3,72.30%,113271,Bachelors,1129,Brisbane,Mid-level,Meets Expectations,,,,,
1315,Female,32,Sales,2,2/06/2017,,No,7.6,3,69.00%,93110,Bachelors,1046,Sydney,Mid-level,Meets Expectations,,,,,
1316,Female,45,HR,1,13/03/2016,,No,8.8,3,80.70%,88494,Masters,1413,Brisbane,Entry Level/Junior,Meets Expectations,,,,,
1317,Male,31,Marketing,1,5/03/2020,,No,4.8,3,60.30%,82564,Masters,1429,Adelaide,Entry Level/Junior,Meets Expectations,,,,,
1318,Male,25,IT,2,30/03/2014,,No,10.8,3,84.70%,120209,Masters,1149,Sydney,Mid-level,Meets Expectations,,,,,
1319,Male,24,Marketing,2,22/09/2010,,No,14.3,4,80.70%,101622,Masters,1104,Perth,Mid-level,Exceeds Expectations,,,,,
1320,Male,41,HR,2,18/03/2010,,No,14.8,4,73.70%,102404,Bachelors,1290,Brisbane,Mid-level,Exceeds Expectations,,,,,
1323,Female,20,HR,1,28/06/2018,,No,6.5,5,76.60%,92586,Bachelors,1307,Perth,Entry Level/Junior,Outstanding,,,,,
1324,Male,50,Operations,2,26/07/2012,,No,12.4,3,71.10%,95653,Bachelors,1129,Perth,Mid-level,Meets Expectations,,,,,
1325,Female,38,Marketing,5,12/10/2013,,No,11.2,3,62.80%,140338,High School,,Sydney,Executive,Meets Expectations,,,,,
1326,Female,36,Finance,2,1/05/2010,,No,14.7,3,74.00%,110704,Bachelors,1165,Adelaide,Mid-level,Meets Expectations,,,,,
1327,Female,32,Finance,3,12/07/2020,,No,4.5,5,86.10%,127500,Bachelors,1252,Perth,Senior,Outstanding,,,,,
1328,Female,40,Marketing,2,25/04/2017,,No,7.7,4,75.20%,95182,Masters,1348,Perth,Mid-level,Exceeds Expectations,,,,,
1329,Male,36,Operations,3,21/03/2020,,No,4.8,2,73.10%,121485,Bachelors,1348,Adelaide,Senior,Developing,,,,,
1330,Male,45,IT,3,27/11/2012,,No,12.1,3,65.60%,128314,Bachelors,1466,Perth,Senior,Meets Expectations,,,,,
1332,Female,38,Finance,5,6/06/2017,,No,7.6,3,73.50%,156913,High School,,Perth,Executive,Meets Expectations,,,,,
1333,Male,34,IT,1,24/06/2013,,No,11.5,3,88.90%,99873,Bachelors,1318,Melbourne,Entry Level/Junior,Meets Expectations,,,,,
1335,Male,39,IT,3,16/05/2020,,No,4.6,4,71.70%,136334,Masters,1292,Perth,Senior,Exceeds Expectations,,,,,
1336,Male,23,Sales,3,10/09/2019,,No,5.3,4,72.30%,107425,Masters,1277,Adelaide,Senior,Exceeds Expectations,,,,,
1337,Female,26,Finance,1,4/02/2018,,No,6.9,4,74.60%,92121,Bachelors,1148,Brisbane,Entry Level/Junior,Exceeds Expectations,,,,,
1338,Female,42,Marketing,1,14/01/2013,,No,12,4,84.50%,83717,Masters,1128,Brisbane,Entry Level/Junior,Exceeds Expectations,,,,,
1339,Male,38,HR,1,31/01/2013,,No,11.9,3,86.80%,89599,Bachelors,1282,Perth,Entry Level/Junior,Meets Expectations,,,,,
1340,Male,35,Operations,1,20/07/2020,,No,4.5,3,64.80%,91354,Masters,1498,Adelaide,Entry Level/Junior,Meets Expectations,,,,,
1341,Male,37,Marketing,3,11/02/2010,,No,14.9,3,78.30%,113489,Masters,1351,Adelaide,Senior,Meets Expectations,,,,,
1342,Male,39,HR,2,4/11/2017,,No,7.2,4,75.80%,104788,Masters,1396,Adelaide,Mid-level,Exceeds Expectations,,,,,
1343,Male,32,Operations,2,25/09/2017,,No,7.3,3,78.40%,103476,High School,1466,Melbourne,Mid-level,Meets Expectations,,,,,
1344,Male,30,Operations,2,26/10/2016,,No,8.2,4,92.60%,102686,PhD,1403,Brisbane,Mid-level,Exceeds Expectations,,,,,
1345,Male,38,Marketing,1,4/11/2020,,No,4.2,3,68.80%,86015,Masters,1498,Adelaide,Entry Level/Junior,Meets Expectations,,,,,
1347,Female,40,IT,2,21/09/2013,,No,11.3,3,80.80%,123769,Masters,1241,Melbourne,Mid-level,Meets Expectations,,,,,
1348,Male,23,Operations,5,12/11/2010,,No,14.1,1,55.90%,151386,Bachelors,,Melbourne,Executive,Below Expectations,,,,,
1349,Male,45,IT,3,7/11/2014,,No,10.2,4,76.60%,133350,Masters,1332,Adelaide,Senior,Exceeds Expectations,,,,,
1350,Female,40,Sales,1,10/11/2012,,No,12.2,4,86.50%,79099,High School,1059,Sydney,Entry Level/Junior,Exceeds Expectations,,,,,
1351,Male,39,Operations,4,5/10/2013,,No,11.2,3,76.30%,131614,Masters,1493,Adelaide,Manager,Meets Expectations,,,,,
1352,Female,44,Operations,3,21/02/2019,,No,5.9,3,70.70%,123550,Bachelors,1422,Adelaide,Senior,Meets Expectations,,,,,
1355,Male,22,Operations,2,30/01/2014,,No,10.9,3,80.30%,106203,High School,1082,Adelaide,Mid-level,Meets Expectations,,,,,
1356,Female,26,Sales,2,3/03/2020,,No,4.8,4,73.90%,90465,Bachelors,1123,Adelaide,Mid-level,Exceeds Expectations,,,,,
1357,Male,32,HR,1,5/09/2010,,No,14.3,3,89.40%,89148,Bachelors,1179,Adelaide,Entry Level/Junior,Meets Expectations,,,,,
1358,Female,37,Marketing,1,5/01/2011,,No,14,3,78.20%,85789,Bachelors,1108,Melbourne,Entry Level/Junior,Meets Expectations,,,,,
1359,Female,41,Operations,1,14/10/2011,,No,13.2,2,63.60%,94988,Bachelors,1149,Adelaide,Entry Level/Junior,Developing,,,,,
1360,Female,31,Sales,2,8/07/2016,,No,8.5,3,83.20%,95293,Bachelors,1267,Adelaide,Mid-level,Meets Expectations,,,,,
1361,Male,38,Finance,3,25/08/2011,,No,13.4,3,85.50%,129409,Masters,1420,Perth,Senior,Meets Expectations,,,,,
1362,Female,30,Sales,2,8/08/2020,,No,4.4,3,69.10%,88166,High School,1001,Sydney,Mid-level,Meets Expectations,,,,,
1363,Male,32,Sales,1,22/11/2014,,No,10.1,3,85.00%,76240,Masters,1354,Brisbane,Entry Level/Junior,Meets Expectations,,,,,
1365,Female,29,Marketing,4,13/09/2012,,No,12.3,3,75.30%,129786,Bachelors,1474,Perth,Manager,Meets Expectations,,,,,
1366,Male,26,Finance,3,27/02/2015,,No,9.9,3,78.70%,126174,Bachelors,1142,Brisbane,Senior,Meets Expectations,,,,,
1367,Female,29,IT,5,1/04/2017,,No,7.8,3,80.20%,168415,Masters,,Adelaide,Executive,Meets Expectations,,,,,
1369,Male,29,Sales,5,4/04/2018,,No,6.8,3,68.70%,129661,High School,,Adelaide,Executive,Meets Expectations,,,,,
1370,Male,58,HR,1,30/04/2016,,No,8.7,3,83.50%,84114,Bachelors,1473,Melbourne,Entry Level/Junior,Meets Expectations,,,,,
1371,Male,40,HR,2,27/11/2019,,No,5.1,3,70.30%,103595,Masters,1336,Perth,Mid-level,Meets Expectations,,,,,
1372,Male,38,IT,1,14/12/2018,,No,6.1,3,66.10%,101761,High School,1415,Melbourne,Entry Level/Junior,Meets Expectations,,,,,
1374,Female,42,Marketing,1,11/08/2010,,No,14.4,4,98.70%,87643,PhD,1207,Perth,Entry Level/Junior,Exceeds Expectations,,,,,
1375,Male,32,Finance,2,28/01/2010,,No,14.9,4,72.10%,109011,Masters,1325,Melbourne,Mid-level,Exceeds Expectations,,,,,
1377,Female,57,Operations,2,8/04/2017,,No,7.7,3,61.00%,104744,High School,1172,Sydney,Mid-level,Meets Expectations,,,,,
1378,Male,36,Marketing,1,3/07/2014,,No,10.5,3,78.00%,84805,Masters,1053,Adelaide,Entry Level/Junior,Meets Expectations,,,,,
1379,Female,46,IT,3,29/05/2014,,No,10.6,4,81.20%,126687,Bachelors,1082,Perth,Senior,Exceeds Expectations,,,,,
1381,Male,36,HR,2,23/10/2019,,No,5.2,3,65.00%,104849,High School,1348,Melbourne,Mid-level,Meets Expectations,,,,,
1382,Female,51,Operations,3,16/12/2019,,No,5,2,57.20%,124745,Masters,1082,Adelaide,Senior,Developing,,,,,
1383,Female,31,Sales,1,9/06/2013,,No,11.6,3,72.30%,74778,Bachelors,1183,Melbourne,Entry Level/Junior,Meets Expectations,,,,,
1384,Female,51,Sales,2,27/07/2017,,No,7.4,2,83.90%,93991,Masters,1353,Adelaide,Mid-level,Developing,,,,,
1385,Female,42,IT,4,22/12/2012,,No,12,3,64.80%,149763,Masters,1417,Sydney,Manager,Meets Expectations,,,,,
1386,Female,32,HR,1,2/02/2012,,No,12.9,2,43.00%,85051,Bachelors,1469,Sydney,Entry Level/Junior,Developing,,,,,
1388,Male,44,HR,4,30/09/2013,,No,11.3,3,82.90%,129991,Bachelors,1091,Sydney,Manager,Meets Expectations,,,,,
1389,Female,41,Sales,3,16/09/2014,,No,10.3,3,63.00%,107254,Bachelors,1432,Sydney,Senior,Meets Expectations,,,,,
1390,Female,24,Sales,1,6/02/2019,,No,5.9,4,85.30%,78859,Bachelors,1045,Sydney,Entry Level/Junior,Exceeds Expectations,,,,,
1391,Female,31,Operations,1,25/04/2011,,No,13.7,3,63.80%,89527,Masters,1017,Melbourne,Entry Level/Junior,Meets Expectations,,,,,
1393,Male,36,HR,2,27/10/2015,,No,9.2,3,80.30%,97910,Masters,1166,Adelaide,Mid-level,Meets Expectations,,,,,
1394,Female,41,Sales,2,25/02/2013,,No,11.9,1,51.70%,90749,Bachelors,1341,Sydney,Mid-level,Below Expectations,,,,,
1395,Male,38,Finance,1,26/05/2015,,No,9.6,4,79.70%,99983,Bachelors,1103,Melbourne,Entry Level/Junior,Exceeds Expectations,,,,,
1396,Female,26,IT,5,14/04/2013,,No,11.7,2,80.70%,172249,Bachelors,,Melbourne,Executive,Developing,,,,,
1397,Female,40,IT,2,12/07/2016,,No,8.5,3,77.30%,117018,Bachelors,1046,Melbourne,Mid-level,Meets Expectations,,,,,
1398,Male,41,HR,1,2/10/2014,,No,10.3,3,65.90%,80953,Masters,1234,Perth,Entry Level/Junior,Meets Expectations,,,,,
1401,Male,43,Sales,1,27/12/2015,,No,9,3,54.10%,77309,High School,1206,Brisbane,Entry Level/Junior,Meets Expectations,,,,,
1403,Male,36,HR,3,7/10/2013,,No,11.2,4,72.70%,117348,Bachelors,1473,Brisbane,Senior,Exceeds Expectations,,,,,
1404,Female,23,Operations,2,11/01/2018,,No,7,3,74.10%,97411,Bachelors,1110,Sydney,Mid-level,Meets Expectations,,,,,
1405,Male,40,HR,2,19/03/2017,,No,7.8,4,87.40%,101521,PhD,1277,Sydney,Mid-level,Exceeds Expectations,,,,,
1406,Female,38,Finance,2,15/03/2020,,No,4.8,4,70.90%,110723,Bachelors,1443,Perth,Mid-level,Exceeds Expectations,,,,,
1407,Male,39,IT,1,28/12/2018,,No,6,4,60.30%,96586,Masters,1124,Adelaide,Entry Level/Junior,Exceeds Expectations,,,,,
1408,Male,26,HR,1,16/03/2016,,No,8.8,3,87.70%,87606,Bachelors,1050,Brisbane,Entry Level/Junior,Meets Expectations,,,,,
1409,Female,28,Marketing,2,13/03/2017,,No,7.8,3,84.00%,96278,Bachelors,1366,Adelaide,Mid-level,Meets Expectations,,,,,
1410,Male,45,Operations,1,3/11/2019,,No,5.2,4,75.70%,88179,High School,1473,Perth,Entry Level/Junior,Exceeds Expectations,,,,,
1411,Male,36,Marketing,1,18/05/2014,,No,10.6,3,81.70%,84434,Bachelors,1415,Sydney,Entry Level/Junior,Meets Expectations,,,,,
1412,Female,42,Sales,3,31/07/2013,,No,11.4,3,69.70%,101965,Bachelors,1056,Adelaide,Senior,Meets Expectations,,,,,
1413,Female,37,IT,5,13/02/2010,,No,14.9,4,80.40%,170406,Bachelors,,Adelaide,Executive,Exceeds Expectations,,,,,
1414,Female,37,HR,3,20/01/2019,,No,6,4,75.30%,113064,High School,1128,Sydney,Senior,Exceeds Expectations,,,,,
1415,Female,44,Marketing,4,9/10/2018,,No,6.2,3,68.60%,124115,High School,1269,Brisbane,Manager,Meets Expectations,,,,,
1416,Male,32,IT,1,22/02/2011,,No,13.9,2,72.80%,106219,Bachelors,1192,Sydney,Entry Level/Junior,Developing,,,,,
1418,Male,33,Finance,1,30/01/2015,,No,9.9,4,75.50%,89165,Bachelors,1381,Brisbane,Entry Level/Junior,Exceeds Expectations,,,,,
1419,Female,33,Operations,5,20/04/2011,,No,13.7,5,87.30%,152801,Bachelors,,Brisbane,Executive,Outstanding,,,,,
1421,Female,38,IT,3,8/05/2012,,No,12.7,2,57.10%,142618,Bachelors,1142,Adelaide,Senior,Developing,,,,,
1422,Female,33,Finance,5,26/09/2010,,No,14.3,4,84.50%,162081,Bachelors,,Perth,Executive,Exceeds Expectations,,,,,
1423,Male,47,IT,2,7/07/2016,,No,8.5,3,78.80%,114506,Bachelors,1335,Adelaide,Mid-level,Meets Expectations,,,,,
1425,Male,35,Sales,2,10/05/2010,,No,14.7,5,88.50%,88174,High School,1202,Perth,Mid-level,Outstanding,,,,,
1426,Female,33,Finance,2,19/03/2017,,No,7.8,2,76.10%,110628,High School,1369,Brisbane,Mid-level,Developing,,,,,
1427,Male,48,Operations,1,31/10/2015,,No,9.2,3,78.60%,91436,Bachelors,1446,Perth,Entry Level/Junior,Meets Expectations,,,,,
1428,Female,38,HR,2,18/02/2011,,No,13.9,2,68.30%,97902,High School,1092,Brisbane,Mid-level,Developing,,,,,
1429,Male,45,Marketing,5,22/11/2011,,No,13.1,3,77.30%,135987,High School,,Brisbane,Executive,Meets Expectations,,,,,
1430,Male,25,HR,1,21/03/2016,,No,8.8,4,79.30%,88076,Bachelors,1397,Perth,Entry Level/Junior,Exceeds Expectations,,,,,
1431,Male,39,IT,3,31/03/2013,,No,11.8,3,56.60%,143935,Masters,1025,Brisbane,Senior,Meets Expectations,,,,,
1434,Male,45,Finance,5,9/10/2020,,No,4.2,3,64.20%,163916,Bachelors,,Adelaide,Executive,Meets Expectations,,,,,
1436,Female,48,Marketing,5,14/08/2020,,No,4.4,3,83.80%,141574,Bachelors,,Melbourne,Executive,Meets Expectations,,,,,
1437,Male,55,Sales,3,21/09/2014,,No,10.3,3,61.60%,106920,High School,1256,Perth,Senior,Meets Expectations,,,,,
1438,Female,34,Marketing,1,22/10/2013,,No,11.2,2,71.80%,79210,Bachelors,1223,Sydney,Entry Level/Junior,Developing,,,,,
1441,Male,49,Finance,1,31/07/2017,,No,7.4,4,78.00%,96315,Bachelors,1149,Melbourne,Entry Level/Junior,Exceeds Expectations,,,,,
1443,Male,33,HR,3,25/06/2012,,No,12.5,4,66.00%,117073,Bachelors,1056,Brisbane,Senior,Exceeds Expectations,,,,,
1446,Female,29,Operations,3,29/04/2016,,No,8.7,4,92.70%,117547,High School,1419,Perth,Senior,Exceeds Expectations,,,,,
1447,Female,28,IT,2,7/12/2013,,No,11.1,3,70.80%,122671,Bachelors,1091,Sydney,Mid-level,Meets Expectations,,,,,
1448,Female,30,HR,1,8/01/2019,,No,6,1,86.80%,86357,Bachelors,1414,Sydney,Entry Level/Junior,Below Expectations,,,,,
1449,Male,36,Marketing,1,27/12/2018,,No,6,4,56.20%,82387,Bachelors,1417,Sydney,Entry Level/Junior,Exceeds Expectations,,,,,
1450,Male,38,Marketing,2,25/03/2015,,No,9.8,4,81.50%,96692,Bachelors,1335,Melbourne,Mid-level,Exceeds Expectations,,,,,
1451,Female,49,HR,4,4/11/2013,,No,11.2,3,59.20%,129613,Masters,1429,Melbourne,Manager,Meets Expectations,,,,,
1453,Male,44,IT,2,28/10/2018,,No,6.2,4,71.60%,113744,Bachelors,1364,Adelaide,Mid-level,Exceeds Expectations,,,,,
1454,Female,35,Sales,1,5/08/2013,,No,11.4,3,78.50%,80195,Bachelors,1076,Perth,Entry Level/Junior,Meets Expectations,,,,,
1457,Male,28,IT,3,10/02/2015,,No,9.9,4,70.40%,142234,Masters,1474,Melbourne,Senior,Exceeds Expectations,,,,,
1459,Male,38,Marketing,2,18/03/2019,,No,5.8,2,71.20%,96222,Bachelors,1312,Adelaide,Mid-level,Developing,,,,,
1461,Male,39,Marketing,2,4/03/2014,,No,10.8,3,78.80%,98802,Bachelors,1273,Melbourne,Mid-level,Meets Expectations,,,,,
1462,Female,56,Finance,3,8/11/2018,,No,6.2,4,74.90%,127821,High School,1420,Brisbane,Senior,Exceeds Expectations,,,,,
1463,Female,31,Marketing,1,8/01/2019,,No,6,3,71.80%,80392,Bachelors,1480,Melbourne,Entry Level/Junior,Meets Expectations,,,,,
1464,Female,32,Operations,1,19/03/2014,,No,10.8,3,81.40%,86086,Bachelors,1119,Sydney,Entry Level/Junior,Meets Expectations,,,,,
1465,Female,32,Marketing,2,11/01/2015,,No,10,4,89.80%,101039,High School,1226,Melbourne,Mid-level,Exceeds Expectations,,,,,
1466,Male,32,Marketing,4,28/04/2013,,No,11.7,4,69.90%,119155,Bachelors,1063,Sydney,Manager,Exceeds Expectations,,,,,
1467,Male,31,Sales,5,19/03/2020,,No,4.8,5,81.10%,131021,Bachelors,,Sydney,Executive,Outstanding,,,,,
1469,Male,48,Sales,3,23/03/2020,,No,4.8,3,77.40%,105615,High School,1056,Perth,Senior,Meets Expectations,,,,,
1470,Female,32,HR,2,28/06/2017,,No,7.5,4,74.90%,99740,Bachelors,1082,Melbourne,Mid-level,Exceeds Expectations,,,,,
1471,Male,30,Finance,2,28/10/2015,,No,9.2,4,78.00%,113173,Masters,1446,Sydney,Mid-level,Exceeds Expectations,,,,,
1472,Female,40,Sales,3,11/05/2010,,No,14.7,3,71.70%,101585,High School,1160,Melbourne,Senior,Meets Expectations,,,,,
1475,Female,38,Sales,2,7/10/2011,,No,13.2,3,97.90%,91490,Masters,1285,Adelaide,Mid-level,Meets Expectations,,,,,
1476,Female,24,Sales,2,10/03/2017,,No,7.8,4,81.10%,92235,Bachelors,1218,Perth,Mid-level,Exceeds Expectations,,,,,
1478,Female,51,Operations,1,27/02/2016,,No,8.9,3,56.70%,87784,Bachelors,1091,Sydney,Entry Level/Junior,Meets Expectations,,,,,
1480,Female,33,IT,2,1/10/2010,,No,14.3,3,73.00%,117824,High School,1165,Brisbane,Mid-level,Meets Expectations,,,,,
1482,Female,39,Marketing,1,11/04/2011,,No,13.7,3,68.00%,82760,Masters,1351,Sydney,Entry Level/Junior,Meets Expectations,,,,,
1483,Male,42,Operations,1,17/09/2016,,No,8.3,5,98.20%,85711,Bachelors,1221,Perth,Entry Level/Junior,Outstanding,,,,,
1485,Female,35,Marketing,1,1/04/2017,,No,7.8,3,73.50%,88713,Masters,1486,Melbourne,Entry Level/Junior,Meets Expectations,,,,,
1486,Female,30,Marketing,2,4/11/2010,,No,14.2,2,62.50%,93585,High School,1277,Adelaide,Mid-level,Developing,,,,,
1487,Male,25,Operations,1,19/11/2013,,No,11.1,4,90.10%,97398,Masters,1459,Adelaide,Entry Level/Junior,Exceeds Expectations,,,,,
1488,Male,31,Sales,1,12/01/2016,,No,9,3,70.60%,79349,High School,1155,Adelaide,Entry Level/Junior,Meets Expectations,,,,,
1489,Female,36,Sales,1,1/06/2014,,No,10.6,4,73.00%,81360,Bachelors,1003,Perth,Entry Level/Junior,Exceeds Expectations,,,,,
1490,Female,51,Sales,1,17/02/2019,,No,5.9,4,61.00%,82767,High School,1252,Brisbane,Entry Level/Junior,Exceeds Expectations,,,,,
1491,Male,32,Sales,4,3/12/2018,,No,6.1,4,76.20%,120161,High School,1493,Brisbane,Manager,Exceeds Expectations,,,,,
1492,Female,38,IT,1,13/09/2016,,No,8.3,3,67.00%,101530,Bachelors,1429,Sydney,Entry Level/Junior,Meets Expectations,,,,,
1494,Male,46,IT,2,18/10/2012,,No,12.2,3,92.10%,120082,Bachelors,1351,Adelaide,Mid-level,Meets Expectations,,,,,
1495,Male,57,IT,2,28/02/2011,,No,13.9,5,71.80%,123634,Bachelors,1173,Adelaide,Mid-level,Outstanding,,,,,
1496,Male,32,Sales,2,20/11/2013,,No,11.1,3,62.10%,94899,High School,1403,Melbourne,Mid-level,Meets Expectations,,,,,
1497,Female,33,Finance,2,11/07/2014,,No,10.5,3,70.40%,107636,High School,1437,Melbourne,Mid-level,Meets Expectations,,,,,
1498,Male,45,HR,3,27/05/2017,,No,7.6,3,64.10%,118059,Bachelors,1137,Adelaide,Senior,Meets Expectations,,,,,
1499,Female,42,Marketing,1,17/03/2017,,No,7.8,3,74.50%,83363,Bachelors,1404,Adelaide,Entry Level/Junior,Meets Expectations,,,,,
1500,Female,51,IT,2,8/10/2010,,No,14.2,4,76.00%,119587,Masters,1325,Perth,Mid-level,Exceeds Expectations,,,,,
